<?xml version="1.0" encoding="utf-8"?>
<!DOCTYPE hibernate-configuration SYSTEM 
"http://www.hibernate.org/dtd/hibernate-configuration-3.0.dtd">

<hibernate-configuration>
   <session-factory>
   <property name="hibernate.dialect">org.hibernate.dialect.MySQLDialect</property>
   <property name="hibernate.connection.driver_class">com.mysql.jdbc.Driver</property>
   <property name="hibernate.connection.url">jdbc:mysql://localhost/team9final</property>
   <property name="hibernate.connection.username">root</property>
   <property name="hibernate.connection.password">root</property>
   <property name="hibernate.hbm2ddl.auto">update</property>
   <property name="show_sql">true</property>
   <mapping class="com.team9.vo.CustomerDetail"/>
   <mapping class="com.team9.vo.ItemDescription"/>
</session-factory>
</hibernate-configuration>

